TDSFU Daily run: Mon Oct 27 07:08:25 UTC 2025 TDSFU
TDSFU Daily run: Tue Oct 28 04:35:26 UTC 2025 TDSFU
TDSFU Daily run: Wed Oct 29 04:40:59 UTC 2025 TDSFU
TDSFU Daily run: Thu Oct 30 04:34:48 UTC 2025 TDSFU
TDSFU Daily run: Fri Oct 31 04:37:22 UTC 2025 TDSFU
TDSFU Daily run: Sat Nov  1 04:33:02 UTC 2025 TDSFU
TDSFU Daily run: Sun Nov  2 04:34:52 UTC 2025 TDSFU
TDSFU Daily run: Mon Nov  3 04:41:51 UTC 2025 TDSFU
TDSFU Daily run: Tue Nov  4 04:35:30 UTC 2025 TDSFU
TDSFU Daily run: Wed Nov  5 04:35:40 UTC 2025 TDSFU
TDSFU Daily run: Thu Nov  6 04:41:09 UTC 2025 TDSFU
TDSFU Daily run: Fri Nov  7 04:35:22 UTC 2025 TDSFU
TDSFU Daily run: Sat Nov  8 04:33:51 UTC 2025 TDSFU
